{
  "U_shape": [
    1001,
    2
  ],
  "S_shape": [
    1001,
    5
  ],
  "Y_shape": [
    1001,
    1
  ],
  "baseline": {
    "z0": [
      0.0
    ],
    "s0": [
      0.0
    ],
    "f0": [
      1.0
    ],
    "v0": [
      1.0
    ],
    "q0": [
      1.0
    ],
    "Y0": [
      0.0
    ]
  },
  "final": {
    "zT": [
      3.059172840634344e-07
    ],
    "YT": [
      1.8999203321898862e-06
    ]
  }
}